crop_path,text,split,field_type,style_id,bias
crops/price_00000.png,0,train,price,10,0.378
crops/price_00001.png,0,train,price,0,0.366
crops/price_00002.png,0,train,price,12,0.864
crops/price_00003.png,0,train,price,12,0.330
crops/price_00004.png,0,train,price,9,0.435
crops/price_00007.png,"0,50",train,price,6,0.487
crops/price_00008.png,"0,50",train,price,2,0.485
crops/price_00009.png,"0,50",train,price,7,0.364
crops/price_00010.png,0.50,train,price,4,0.980
crops/price_00012.png,0.50,train,price,10,0.655
crops/price_00013.png,0.50,train,price,0,0.378
crops/price_00014.png,0.50,train,price,1,0.985
crops/price_00016.png,0.500,test,price,1,0.537
crops/price_00017.png,0.500,test,price,1,0.660
crops/price_00019.png,0.500,test,price,6,0.810
crops/price_00020.png,1,train,price,12,0.903
crops/price_00021.png,1,train,price,6,0.640
crops/price_00022.png,1,train,price,4,0.596
crops/price_00023.png,1,train,price,0,0.824
crops/price_00025.png,"1,00",test,price,5,0.954
crops/price_00026.png,"1,00",test,price,7,0.735
crops/price_00027.png,"1,00",test,price,4,0.410
crops/price_00028.png,"1,00",test,price,10,0.373
crops/price_00029.png,"1,00",test,price,10,0.744
crops/price_00030.png,"1,50",train,price,12,0.392
crops/price_00031.png,"1,50",train,price,8,0.325
crops/price_00034.png,"1,50",train,price,4,0.411
crops/price_00035.png,1.00,train,price,0,0.762
crops/price_00036.png,1.00,train,price,5,0.957
crops/price_00037.png,1.00,train,price,6,0.724
crops/price_00038.png,1.00,train,price,10,0.804
crops/price_00039.png,1.00,train,price,8,0.516
crops/price_00040.png,1.000,train,price,9,0.698
crops/price_00041.png,1.000,train,price,10,0.450
crops/price_00042.png,1.000,train,price,1,0.873
crops/price_00043.png,1.000,train,price,6,0.920
crops/price_00044.png,1.000,train,price,12,0.598
crops/price_00046.png,1.50,test,price,11,0.903
crops/price_00049.png,1.50,test,price,7,0.304
crops/price_00052.png,1.500,train,price,7,0.529
crops/price_00053.png,1.500,train,price,5,0.457
crops/price_00054.png,1.500,train,price,2,0.631
crops/price_00055.png,10,train,price,12,0.874
crops/price_00056.png,10,train,price,1,0.714
crops/price_00057.png,10,train,price,5,0.673
crops/price_00058.png,10,train,price,11,0.407
crops/price_00059.png,10,train,price,5,0.896
crops/price_00060.png,"10,00",val,price,5,0.427
crops/price_00061.png,"10,00",val,price,3,0.804
crops/price_00062.png,"10,00",val,price,11,0.470
crops/price_00064.png,"10,00",val,price,11,0.713
crops/price_00065.png,"10,50",train,price,2,0.492
crops/price_00067.png,"10,50",train,price,2,0.404
crops/price_00068.png,"10,50",train,price,12,0.666
crops/price_00069.png,"10,50",train,price,12,0.445
crops/price_00070.png,10.00,train,price,4,0.323
crops/price_00071.png,10.00,train,price,6,0.380
crops/price_00072.png,10.00,train,price,7,0.387
crops/price_00073.png,10.00,train,price,9,0.475
crops/price_00074.png,10.00,train,price,9,0.328
crops/price_00075.png,10.000,val,price,1,0.629
crops/price_00076.png,10.000,val,price,12,0.685
crops/price_00077.png,10.000,val,price,7,0.589
crops/price_00078.png,10.000,val,price,7,0.917
crops/price_00081.png,10.50,train,price,4,0.841
crops/price_00082.png,10.50,train,price,2,0.613
crops/price_00083.png,10.50,train,price,9,0.568
crops/price_00084.png,10.50,train,price,7,0.975
crops/price_00085.png,10.500,train,price,11,0.401
crops/price_00086.png,10.500,train,price,10,0.902
crops/price_00088.png,10.500,train,price,5,0.857
crops/price_00089.png,10.500,train,price,9,0.778
crops/price_00090.png,11,train,price,4,0.774
crops/price_00091.png,11,train,price,6,0.897
crops/price_00092.png,11,train,price,4,0.306
crops/price_00093.png,11,train,price,9,0.861
crops/price_00094.png,11,train,price,4,0.852
crops/price_00095.png,"11,00",train,price,8,0.651
crops/price_00096.png,"11,00",train,price,7,0.974
crops/price_00097.png,"11,00",train,price,1,0.853
crops/price_00098.png,"11,00",train,price,1,0.772
crops/price_00099.png,"11,00",train,price,11,0.512
crops/price_00102.png,"11,50",train,price,8,0.931
crops/price_00103.png,"11,50",train,price,0,0.851
crops/price_00104.png,"11,50",train,price,12,0.403
crops/price_00105.png,11.00,val,price,2,0.310
crops/price_00106.png,11.00,val,price,7,0.614
crops/price_00107.png,11.00,val,price,4,0.621
crops/price_00108.png,11.00,val,price,1,0.525
crops/price_00109.png,11.00,val,price,7,0.654
crops/price_00110.png,11.000,train,price,7,0.922
crops/price_00111.png,11.000,train,price,1,0.364
crops/price_00112.png,11.000,train,price,5,0.769
crops/price_00113.png,11.000,train,price,1,0.705
crops/price_00114.png,11.000,train,price,12,0.600
crops/price_00115.png,11.50,train,price,0,0.426
crops/price_00117.png,11.50,train,price,0,0.409
crops/price_00119.png,11.50,train,price,0,0.443
crops/price_00121.png,11.500,train,price,9,0.600
crops/price_00122.png,11.500,train,price,11,0.944
crops/price_00123.png,11.500,train,price,5,0.845
crops/price_00124.png,11.500,train,price,3,0.372
crops/price_00125.png,12,train,price,12,0.695
crops/price_00126.png,12,train,price,2,0.608
crops/price_00127.png,12,train,price,5,0.882
crops/price_00128.png,12,train,price,7,0.936
crops/price_00129.png,12,train,price,11,0.359
crops/price_00130.png,"12,00",train,price,6,0.842
crops/price_00131.png,"12,00",train,price,5,0.357
crops/price_00132.png,"12,00",train,price,4,0.691
crops/price_00133.png,"12,00",train,price,10,0.769
crops/price_00134.png,"12,00",train,price,1,0.507
crops/price_00136.png,"12,50",val,price,7,0.727
crops/price_00137.png,"12,50",val,price,5,0.775
crops/price_00138.png,"12,50",val,price,4,0.337
crops/price_00139.png,"12,50",val,price,7,0.934
crops/price_00140.png,12.00,train,price,8,0.562
crops/price_00141.png,12.00,train,price,0,0.501
crops/price_00142.png,12.00,train,price,2,0.684
crops/price_00143.png,12.00,train,price,1,0.378
crops/price_00144.png,12.00,train,price,3,0.699
crops/price_00145.png,12.000,test,price,8,0.314
crops/price_00146.png,12.000,test,price,12,0.707
crops/price_00147.png,12.000,test,price,10,0.428
crops/price_00148.png,12.000,test,price,4,0.661
crops/price_00149.png,12.000,test,price,4,0.387
crops/price_00150.png,12.50,train,price,12,0.663
crops/price_00152.png,12.50,train,price,4,0.748
crops/price_00154.png,12.50,train,price,5,0.560
crops/price_00155.png,12.500,train,price,7,0.662
crops/price_00156.png,12.500,train,price,3,0.386
crops/price_00157.png,12.500,train,price,10,0.543
crops/price_00158.png,12.500,train,price,8,0.457
crops/price_00161.png,13,train,price,8,0.937
crops/price_00162.png,13,train,price,1,0.475
crops/price_00163.png,13,train,price,2,0.761
crops/price_00164.png,13,train,price,10,0.448
crops/price_00165.png,"13,00",train,price,4,0.617
crops/price_00166.png,"13,00",train,price,11,0.992
crops/price_00167.png,"13,00",train,price,2,0.368
crops/price_00168.png,"13,00",train,price,3,0.834
crops/price_00169.png,"13,00",train,price,3,0.708
crops/price_00170.png,"13,50",train,price,2,0.918
crops/price_00171.png,"13,50",train,price,6,0.653
crops/price_00172.png,"13,50",train,price,5,0.828
crops/price_00173.png,"13,50",train,price,9,0.925
crops/price_00174.png,"13,50",train,price,8,0.673
crops/price_00175.png,13.00,train,price,9,0.632
crops/price_00176.png,13.00,train,price,2,0.875
crops/price_00177.png,13.00,train,price,8,0.842
crops/price_00178.png,13.00,train,price,8,0.564
crops/price_00179.png,13.00,train,price,9,0.639
crops/price_00180.png,13.000,train,price,5,0.636
crops/price_00181.png,13.000,train,price,5,0.968
crops/price_00182.png,13.000,train,price,3,0.880
crops/price_00183.png,13.000,train,price,10,0.463
crops/price_00184.png,13.000,train,price,6,0.757
crops/price_00186.png,13.50,train,price,2,0.956
crops/price_00187.png,13.50,train,price,7,0.992
crops/price_00188.png,13.50,train,price,10,0.480
crops/price_00190.png,13.500,train,price,12,0.487
crops/price_00191.png,13.500,train,price,4,0.412
crops/price_00192.png,13.500,train,price,9,0.455
crops/price_00193.png,13.500,train,price,12,0.765
crops/price_00194.png,13.500,train,price,9,0.379
crops/price_00196.png,14,train,price,11,0.315
crops/price_00198.png,14,train,price,6,0.614
crops/price_00200.png,"14,00",train,price,6,0.672
crops/price_00201.png,"14,00",train,price,9,0.836
crops/price_00202.png,"14,00",train,price,3,0.818
crops/price_00204.png,"14,00",train,price,9,0.916
crops/price_00206.png,"14,50",train,price,12,0.624
crops/price_00209.png,"14,50",train,price,11,0.723
crops/price_00210.png,14.00,train,price,8,0.918
crops/price_00211.png,14.00,train,price,11,0.402
crops/price_00212.png,14.00,train,price,8,0.758
crops/price_00214.png,14.00,train,price,12,0.304
crops/price_00216.png,14.000,train,price,12,0.958
crops/price_00217.png,14.000,train,price,5,0.972
crops/price_00218.png,14.000,train,price,1,0.584
crops/price_00219.png,14.000,train,price,9,0.984
crops/price_00220.png,14.50,test,price,0,0.947
crops/price_00221.png,14.50,test,price,12,0.874
crops/price_00222.png,14.50,test,price,5,0.569
crops/price_00223.png,14.50,test,price,5,0.724
crops/price_00229.png,14.500,test,price,11,0.738
crops/price_00231.png,15,train,price,6,0.978
crops/price_00232.png,15,train,price,5,0.380
crops/price_00233.png,15,train,price,7,0.858
crops/price_00234.png,15,train,price,11,0.596
crops/price_00235.png,"15,00",train,price,8,0.326
crops/price_00236.png,"15,00",train,price,2,0.753
crops/price_00237.png,"15,00",train,price,4,0.455
crops/price_00240.png,15.00,train,price,0,0.894
crops/price_00244.png,15.00,train,price,5,0.892
crops/price_00245.png,15.000,train,price,4,0.382
crops/price_00247.png,15.000,train,price,8,0.654
crops/price_00248.png,15.000,train,price,0,0.492
crops/price_00249.png,15.000,train,price,12,0.680
crops/price_00250.png,16,train,price,4,0.912
crops/price_00251.png,16,train,price,12,0.816
crops/price_00252.png,16,train,price,9,0.546
crops/price_00254.png,16,train,price,3,0.833
crops/price_00256.png,"16,00",test,price,11,0.981
crops/price_00257.png,"16,00",test,price,4,0.526
crops/price_00258.png,"16,00",test,price,1,0.738
crops/price_00259.png,"16,00",test,price,10,0.511
crops/price_00261.png,16.00,train,price,8,0.776
crops/price_00262.png,16.00,train,price,11,0.864
crops/price_00263.png,16.00,train,price,1,0.671
crops/price_00264.png,16.00,train,price,3,0.361
crops/price_00265.png,16.000,train,price,3,0.687
crops/price_00266.png,16.000,train,price,3,0.823
crops/price_00267.png,16.000,train,price,8,0.922
crops/price_00268.png,16.000,train,price,12,0.630
crops/price_00269.png,16.000,train,price,8,0.501
crops/price_00270.png,17,train,price,1,0.658
crops/price_00271.png,17,train,price,4,0.789
crops/price_00272.png,17,train,price,10,0.819
crops/price_00273.png,17,train,price,2,0.560
crops/price_00274.png,17,train,price,4,0.799
crops/price_00275.png,"17,00",train,price,9,0.772
crops/price_00276.png,"17,00",train,price,0,0.687
crops/price_00277.png,"17,00",train,price,1,0.651
crops/price_00278.png,"17,00",train,price,5,0.360
crops/price_00279.png,"17,00",train,price,11,0.930
crops/price_00280.png,17.00,train,price,5,0.301
crops/price_00282.png,17.00,train,price,8,0.393
crops/price_00283.png,17.00,train,price,11,0.882
crops/price_00284.png,17.00,train,price,7,0.626
crops/price_00285.png,17.000,train,price,11,0.788
crops/price_00286.png,17.000,train,price,4,0.874
crops/price_00288.png,17.000,train,price,1,0.315
crops/price_00289.png,17.000,train,price,0,0.418
crops/price_00290.png,18,train,price,4,0.612
crops/price_00292.png,18,train,price,7,0.681
crops/price_00294.png,18,train,price,12,0.997
crops/price_00296.png,"18,00",train,price,8,0.516
crops/price_00297.png,"18,00",train,price,12,0.391
crops/price_00298.png,"18,00",train,price,8,0.902
crops/price_00299.png,"18,00",train,price,12,0.747
crops/price_00300.png,18.00,val,price,6,0.515
crops/price_00301.png,18.00,val,price,2,0.722
crops/price_00302.png,18.00,val,price,5,0.988
crops/price_00303.png,18.00,val,price,3,0.785
crops/price_00304.png,18.00,val,price,6,0.546
crops/price_00305.png,18.000,test,price,0,0.523
crops/price_00306.png,18.000,test,price,5,0.716
crops/price_00307.png,18.000,test,price,3,0.982
crops/price_00308.png,18.000,test,price,7,0.408
crops/price_00309.png,18.000,test,price,1,0.631
crops/price_00310.png,19,train,price,5,0.431
crops/price_00311.png,19,train,price,1,0.768
crops/price_00313.png,19,train,price,12,0.700
crops/price_00314.png,19,train,price,0,0.596
crops/price_00315.png,"19,00",train,price,1,0.572
crops/price_00316.png,"19,00",train,price,12,0.594
crops/price_00317.png,"19,00",train,price,12,0.500
crops/price_00318.png,"19,00",train,price,2,0.733
crops/price_00319.png,"19,00",train,price,0,0.537
crops/price_00320.png,19.00,train,price,12,0.878
crops/price_00321.png,19.00,train,price,5,0.875
crops/price_00323.png,19.00,train,price,6,0.745
crops/price_00324.png,19.00,train,price,5,0.414
crops/price_00325.png,19.000,train,price,3,0.753
crops/price_00326.png,19.000,train,price,9,0.861
crops/price_00327.png,19.000,train,price,7,0.476
crops/price_00328.png,19.000,train,price,8,0.753
crops/price_00329.png,19.000,train,price,10,0.798
crops/price_00330.png,2,val,price,10,0.524
crops/price_00331.png,2,val,price,5,0.809
crops/price_00332.png,2,val,price,2,0.506
crops/price_00333.png,2,val,price,3,0.549
crops/price_00334.png,2,val,price,0,0.906
crops/price_00335.png,"2,00",train,price,0,0.910
crops/price_00336.png,"2,00",train,price,12,0.357
crops/price_00337.png,"2,00",train,price,7,0.850
crops/price_00338.png,"2,00",train,price,11,0.561
crops/price_00339.png,"2,00",train,price,4,0.390
crops/price_00340.png,"2,50",train,price,5,0.604
crops/price_00344.png,"2,50",train,price,4,0.736
crops/price_00345.png,2.00,train,price,3,0.726
crops/price_00346.png,2.00,train,price,11,0.953
crops/price_00347.png,2.00,train,price,1,0.806
crops/price_00348.png,2.00,train,price,4,0.552
crops/price_00349.png,2.00,train,price,5,0.550
crops/price_00350.png,2.000,train,price,6,0.783
crops/price_00351.png,2.000,train,price,1,0.591
crops/price_00352.png,2.000,train,price,7,0.944
crops/price_00353.png,2.000,train,price,10,0.911
crops/price_00354.png,2.000,train,price,2,0.887
crops/price_00355.png,2.50,train,price,1,0.826
crops/price_00356.png,2.50,train,price,7,0.611
crops/price_00359.png,2.50,train,price,1,0.368
crops/price_00360.png,2.500,test,price,2,0.645
crops/price_00361.png,2.500,test,price,7,0.877
crops/price_00362.png,2.500,test,price,10,0.713
crops/price_00365.png,20,test,price,6,0.722
crops/price_00366.png,20,test,price,3,0.447
crops/price_00367.png,20,test,price,11,0.381
crops/price_00369.png,20,test,price,2,0.888
crops/price_00370.png,"20,00",train,price,3,0.820
crops/price_00371.png,"20,00",train,price,6,0.970
crops/price_00372.png,"20,00",train,price,3,0.938
crops/price_00373.png,"20,00",train,price,7,0.424
crops/price_00374.png,"20,00",train,price,2,0.709
crops/price_00375.png,20.00,train,price,7,0.853
crops/price_00376.png,20.00,train,price,6,0.680
crops/price_00377.png,20.00,train,price,7,0.998
crops/price_00378.png,20.00,train,price,0,0.778
crops/price_00379.png,20.00,train,price,8,0.862
crops/price_00380.png,20.000,train,price,0,0.739
crops/price_00381.png,20.000,train,price,10,0.872
crops/price_00382.png,20.000,train,price,1,0.702
crops/price_00383.png,20.000,train,price,0,0.749
crops/price_00385.png,21,train,price,4,0.972
crops/price_00387.png,21,train,price,3,0.589
crops/price_00388.png,21,train,price,12,0.953
crops/price_00389.png,21,train,price,5,0.550
crops/price_00390.png,22,test,price,11,0.709
crops/price_00391.png,22,test,price,4,0.888
crops/price_00392.png,22,test,price,10,0.725
crops/price_00394.png,22,test,price,7,0.758
crops/price_00395.png,"22,00",val,price,6,0.555
crops/price_00397.png,"22,00",val,price,5,0.464
crops/price_00398.png,"22,00",val,price,1,0.793
crops/price_00400.png,22.00,train,price,12,0.637
crops/price_00401.png,22.00,train,price,5,0.721
crops/price_00402.png,22.00,train,price,10,0.883
crops/price_00404.png,22.00,train,price,1,0.452
crops/price_00406.png,22.000,train,price,3,0.666
crops/price_00407.png,22.000,train,price,8,0.827
crops/price_00408.png,22.000,train,price,8,0.594
crops/price_00409.png,22.000,train,price,6,0.394
crops/price_00410.png,23,train,price,9,0.666
crops/price_00411.png,23,train,price,4,0.898
crops/price_00413.png,23,train,price,11,0.461
crops/price_00415.png,24,train,price,9,0.326
crops/price_00419.png,24,train,price,4,0.458
crops/price_00421.png,25,val,price,12,0.470
crops/price_00425.png,"25,00",val,price,1,0.773
crops/price_00428.png,"25,00",val,price,10,0.448
crops/price_00429.png,"25,00",val,price,5,0.429
crops/price_00435.png,25.000,train,price,10,0.970
crops/price_00437.png,25.000,train,price,11,0.711
crops/price_00439.png,25.000,train,price,1,0.484
crops/price_00442.png,26,train,price,10,0.748
crops/price_00443.png,26,train,price,0,0.666
crops/price_00444.png,26,train,price,0,0.836
crops/price_00445.png,27,train,price,11,0.816
crops/price_00447.png,27,train,price,11,0.736
crops/price_00448.png,27,train,price,11,0.306
crops/price_00449.png,27,train,price,5,0.356
crops/price_00453.png,28,train,price,0,0.417
crops/price_00454.png,28,train,price,5,0.840
crops/price_00455.png,"28,00",train,price,11,0.675
crops/price_00456.png,"28,00",train,price,0,0.782
crops/price_00458.png,"28,00",train,price,4,0.874
crops/price_00459.png,"28,00",train,price,12,0.734
crops/price_00461.png,28.00,train,price,1,0.640
crops/price_00463.png,28.00,train,price,8,0.820
crops/price_00464.png,28.00,train,price,1,0.961
crops/price_00465.png,28.000,train,price,8,0.824
crops/price_00466.png,28.000,train,price,12,0.426
crops/price_00467.png,28.000,train,price,6,0.835
crops/price_00468.png,28.000,train,price,5,0.973
crops/price_00469.png,28.000,train,price,0,0.510
crops/price_00471.png,29,train,price,9,0.580
crops/price_00473.png,29,train,price,6,0.951
crops/price_00474.png,29,train,price,4,0.667
crops/price_00475.png,3,train,price,12,0.717
crops/price_00479.png,3,train,price,9,0.402
crops/price_00480.png,"3,00",val,price,9,0.949
crops/price_00481.png,"3,00",val,price,3,0.443
crops/price_00482.png,"3,00",val,price,0,0.479
crops/price_00483.png,"3,00",val,price,10,0.896
crops/price_00484.png,"3,00",val,price,5,0.639
crops/price_00486.png,"3,50",train,price,12,0.343
crops/price_00487.png,"3,50",train,price,10,0.396
crops/price_00488.png,"3,50",train,price,4,0.937
crops/price_00490.png,3.00,train,price,1,0.690
crops/price_00491.png,3.00,train,price,6,0.512
crops/price_00492.png,3.00,train,price,9,0.697
crops/price_00493.png,3.00,train,price,11,0.755
crops/price_00494.png,3.00,train,price,6,0.456
crops/price_00495.png,3.000,train,price,7,0.921
crops/price_00496.png,3.000,train,price,8,0.749
crops/price_00497.png,3.000,train,price,11,0.327
crops/price_00498.png,3.000,train,price,7,0.417
crops/price_00499.png,3.000,train,price,2,0.845
crops/price_00500.png,3.50,train,price,7,0.363
crops/price_00502.png,3.50,train,price,9,0.910
crops/price_00503.png,3.50,train,price,4,0.739
crops/price_00504.png,3.50,train,price,12,0.304
crops/price_00505.png,3.500,train,price,8,0.495
crops/price_00506.png,3.500,train,price,5,0.944
crops/price_00507.png,3.500,train,price,2,0.976
crops/price_00509.png,3.500,train,price,9,0.811
crops/price_00510.png,30,train,price,4,0.668
crops/price_00511.png,30,train,price,11,0.503
crops/price_00515.png,"30,00",train,price,12,0.870
crops/price_00516.png,"30,00",train,price,12,0.941
crops/price_00517.png,"30,00",train,price,9,0.724
crops/price_00518.png,"30,00",train,price,3,0.560
crops/price_00519.png,"30,00",train,price,8,0.317
crops/price_00520.png,30.00,train,price,12,0.910
crops/price_00521.png,30.00,train,price,1,0.303
crops/price_00522.png,30.00,train,price,0,0.704
crops/price_00523.png,30.00,train,price,2,0.410
crops/price_00524.png,30.00,train,price,9,0.471
crops/price_00525.png,30.000,train,price,6,0.338
crops/price_00526.png,30.000,train,price,5,0.872
crops/price_00527.png,30.000,train,price,1,0.619
crops/price_00528.png,30.000,train,price,6,0.428
crops/price_00530.png,31,val,price,12,0.511
crops/price_00531.png,31,val,price,12,0.986
crops/price_00532.png,31,val,price,1,0.715
crops/price_00533.png,31,val,price,5,0.646
crops/price_00534.png,31,val,price,7,0.672
crops/price_00536.png,32,train,price,5,0.931
crops/price_00538.png,32,train,price,2,0.502
crops/price_00541.png,33,train,price,0,0.985
crops/price_00543.png,33,train,price,12,0.706
crops/price_00544.png,33,train,price,6,0.547
crops/price_00545.png,34,train,price,0,0.741
crops/price_00547.png,34,train,price,10,0.613
crops/price_00549.png,34,train,price,9,0.814
crops/price_00552.png,35,train,price,4,0.487
crops/price_00555.png,"35,00",train,price,11,0.970
crops/price_00556.png,"35,00",train,price,4,0.506
crops/price_00557.png,"35,00",train,price,4,0.413
crops/price_00560.png,35.00,val,price,0,0.765
crops/price_00564.png,35.00,val,price,1,0.920
crops/price_00565.png,35.000,train,price,7,0.674
crops/price_00566.png,35.000,train,price,12,0.758
crops/price_00567.png,35.000,train,price,7,0.758
crops/price_00569.png,35.000,train,price,5,0.868
crops/price_00570.png,36,train,price,12,0.332
crops/price_00571.png,36,train,price,2,0.370
crops/price_00572.png,36,train,price,6,0.785
crops/price_00573.png,36,train,price,9,0.426
crops/price_00574.png,36,train,price,1,0.733
crops/price_00575.png,37,train,price,10,0.891
crops/price_00576.png,37,train,price,9,0.864
crops/price_00577.png,37,train,price,3,0.805
crops/price_00578.png,37,train,price,11,0.589
crops/price_00579.png,37,train,price,2,0.571
crops/price_00581.png,38,train,price,9,0.979
crops/price_00582.png,38,train,price,0,0.811
crops/price_00585.png,39,train,price,7,0.768
crops/price_00587.png,39,train,price,6,0.827
crops/price_00589.png,39,train,price,11,0.842
crops/price_00590.png,4,train,price,12,0.822
crops/price_00591.png,4,train,price,8,0.881
crops/price_00592.png,4,train,price,3,0.924
crops/price_00593.png,4,train,price,7,0.405
crops/price_00594.png,4,train,price,11,0.751
crops/price_00595.png,"4,00",train,price,7,0.715
crops/price_00596.png,"4,00",train,price,7,0.560
crops/price_00597.png,"4,00",train,price,2,0.981
crops/price_00599.png,"4,00",train,price,4,0.385
crops/price_00600.png,"4,50",train,price,8,0.532
crops/price_00601.png,"4,50",train,price,5,0.782
crops/price_00602.png,"4,50",train,price,5,0.365
crops/price_00603.png,"4,50",train,price,10,0.770
crops/price_00605.png,4.00,train,price,3,0.809
crops/price_00606.png,4.00,train,price,9,0.719
crops/price_00607.png,4.00,train,price,1,0.305
crops/price_00608.png,4.00,train,price,8,0.643
crops/price_00609.png,4.00,train,price,4,0.510
crops/price_00610.png,4.000,train,price,0,0.384
crops/price_00611.png,4.000,train,price,11,0.873
crops/price_00612.png,4.000,train,price,5,0.414
crops/price_00613.png,4.000,train,price,3,0.837
crops/price_00615.png,4.50,train,price,5,0.945
crops/price_00616.png,4.50,train,price,8,0.799
crops/price_00617.png,4.50,train,price,11,0.554
crops/price_00618.png,4.50,train,price,2,0.900
crops/price_00619.png,4.50,train,price,0,0.842
crops/price_00620.png,4.500,train,price,1,0.511
crops/price_00622.png,4.500,train,price,9,0.348
crops/price_00623.png,4.500,train,price,11,0.369
crops/price_00624.png,4.500,train,price,5,0.987
crops/price_00625.png,40,train,price,12,0.553
crops/price_00626.png,40,train,price,3,0.688
crops/price_00627.png,40,train,price,0,0.999
crops/price_00628.png,40,train,price,11,0.948
crops/price_00630.png,"40,00",test,price,7,0.658
crops/price_00631.png,"40,00",test,price,1,0.649
crops/price_00632.png,"40,00",test,price,12,0.645
crops/price_00633.png,"40,00",test,price,12,0.322
crops/price_00634.png,"40,00",test,price,11,0.415
crops/price_00635.png,40.00,train,price,9,0.629
crops/price_00636.png,40.00,train,price,5,0.343
crops/price_00637.png,40.00,train,price,1,0.600
crops/price_00638.png,40.00,train,price,4,0.380
crops/price_00640.png,40.000,train,price,12,0.835
crops/price_00642.png,40.000,train,price,9,0.536
crops/price_00643.png,40.000,train,price,10,0.678
crops/price_00647.png,41,train,price,6,0.467
crops/price_00648.png,41,train,price,2,0.491
crops/price_00649.png,41,train,price,0,0.902
crops/price_00652.png,42,train,price,6,0.453
crops/price_00653.png,42,train,price,5,0.682
crops/price_00657.png,43,test,price,12,0.324
crops/price_00659.png,43,test,price,10,0.610
crops/price_00665.png,45,train,price,6,0.426
crops/price_00667.png,45,train,price,1,0.367
crops/price_00668.png,45,train,price,0,0.478
crops/price_00669.png,45,train,price,2,0.653
crops/price_00670.png,"45,00",val,price,7,0.910
crops/price_00671.png,"45,00",val,price,8,0.519
crops/price_00672.png,"45,00",val,price,0,0.432
crops/price_00673.png,"45,00",val,price,0,0.609
crops/price_00674.png,"45,00",val,price,2,0.884
crops/price_00676.png,45.00,test,price,5,0.408
crops/price_00677.png,45.00,test,price,5,0.963
crops/price_00678.png,45.00,test,price,8,0.966
crops/price_00679.png,45.00,test,price,6,0.846
crops/price_00680.png,45.000,train,price,10,0.722
crops/price_00681.png,45.000,train,price,1,0.830
crops/price_00682.png,45.000,train,price,7,0.669
crops/price_00683.png,45.000,train,price,3,0.666
crops/price_00684.png,45.000,train,price,5,0.478
crops/price_00686.png,46,train,price,3,0.430
crops/price_00687.png,46,train,price,7,0.784
crops/price_00688.png,46,train,price,12,0.512
crops/price_00689.png,46,train,price,10,0.469
crops/price_00690.png,47,train,price,2,0.817
crops/price_00691.png,47,train,price,0,0.534
crops/price_00692.png,47,train,price,0,0.641
crops/price_00693.png,47,train,price,0,0.595
crops/price_00698.png,48,train,price,2,0.880
crops/price_00699.png,48,train,price,12,0.549
crops/price_00700.png,49,val,price,7,0.859
crops/price_00702.png,49,val,price,2,0.753
crops/price_00703.png,49,val,price,4,0.654
crops/price_00704.png,49,val,price,12,0.460
crops/price_00708.png,5,train,price,11,0.583
crops/price_00710.png,"5,00",train,price,3,0.365
crops/price_00712.png,"5,00",train,price,7,0.509
crops/price_00713.png,"5,00",train,price,9,0.464
crops/price_00715.png,"5,50",train,price,7,0.450
crops/price_00718.png,"5,50",train,price,1,0.385
crops/price_00719.png,"5,50",train,price,12,0.713
crops/price_00720.png,5.00,train,price,0,0.592
crops/price_00722.png,5.00,train,price,3,0.930
crops/price_00723.png,5.00,train,price,8,0.752
crops/price_00724.png,5.00,train,price,8,0.928
crops/price_00726.png,5.000,train,price,6,0.480
crops/price_00727.png,5.000,train,price,0,0.730
crops/price_00730.png,5.50,train,price,4,0.698
crops/price_00738.png,5.500,val,price,0,0.455
crops/price_00740.png,50,train,price,1,0.909
crops/price_00742.png,50,train,price,11,0.774
crops/price_00744.png,50,train,price,4,0.943
crops/price_00746.png,"50,00",train,price,4,0.473
crops/price_00747.png,"50,00",train,price,12,0.367
crops/price_00750.png,50.00,train,price,5,0.756
crops/price_00751.png,50.00,train,price,9,0.388
crops/price_00752.png,50.00,train,price,9,0.605
crops/price_00753.png,50.00,train,price,5,0.979
crops/price_00754.png,50.00,train,price,3,0.748
crops/price_00755.png,50.000,train,price,9,0.510
crops/price_00756.png,50.000,train,price,7,0.737
crops/price_00757.png,50.000,train,price,0,0.352
crops/price_00762.png,51,train,price,12,0.404
crops/price_00763.png,51,train,price,12,0.629
crops/price_00767.png,52,train,price,7,0.627
crops/price_00769.png,52,train,price,5,0.438
crops/price_00772.png,53,test,price,12,0.628
crops/price_00775.png,54,train,price,5,0.698
crops/price_00778.png,54,train,price,2,0.529
crops/price_00780.png,55,train,price,4,0.441
crops/price_00783.png,55,train,price,6,0.789
crops/price_00785.png,"55,00",train,price,3,0.654
crops/price_00787.png,"55,00",train,price,11,0.965
crops/price_00788.png,"55,00",train,price,2,0.354
crops/price_00789.png,"55,00",train,price,7,0.788
crops/price_00793.png,55.00,test,price,0,0.581
crops/price_00794.png,55.00,test,price,6,0.511
crops/price_00795.png,55.000,train,price,10,0.787
crops/price_00796.png,55.000,train,price,1,0.535
crops/price_00797.png,55.000,train,price,0,0.731
crops/price_00798.png,55.000,train,price,2,0.563
crops/price_00800.png,56,train,price,12,0.781
crops/price_00804.png,56,train,price,12,0.409
crops/price_00806.png,57,train,price,2,0.941
crops/price_00808.png,57,train,price,12,0.605
crops/price_00809.png,57,train,price,6,0.815
crops/price_00811.png,58,train,price,6,0.794
crops/price_00816.png,59,train,price,10,0.939
crops/price_00818.png,59,train,price,6,0.722
crops/price_00820.png,6,train,price,11,0.885
crops/price_00821.png,6,train,price,8,0.589
crops/price_00822.png,6,train,price,10,0.611
crops/price_00823.png,6,train,price,11,0.569
crops/price_00824.png,6,train,price,4,0.883
crops/price_00825.png,"6,00",train,price,3,0.419
crops/price_00826.png,"6,00",train,price,3,0.803
crops/price_00827.png,"6,00",train,price,3,0.952
crops/price_00828.png,"6,00",train,price,6,0.866
crops/price_00830.png,"6,50",train,price,5,0.840
crops/price_00831.png,"6,50",train,price,2,0.871
crops/price_00833.png,"6,50",train,price,0,0.987
crops/price_00835.png,6.00,test,price,12,0.574
crops/price_00836.png,6.00,test,price,11,0.513
crops/price_00837.png,6.00,test,price,11,0.756
crops/price_00838.png,6.00,test,price,0,0.367
crops/price_00840.png,6.000,train,price,12,0.625
crops/price_00841.png,6.000,train,price,3,0.316
crops/price_00842.png,6.000,train,price,4,0.700
crops/price_00843.png,6.000,train,price,12,0.869
crops/price_00844.png,6.000,train,price,2,0.903
crops/price_00845.png,6.50,train,price,8,0.480
crops/price_00846.png,6.50,train,price,3,0.510
crops/price_00848.png,6.50,train,price,2,0.722
crops/price_00849.png,6.50,train,price,7,0.358
crops/price_00851.png,6.500,train,price,1,0.489
crops/price_00853.png,6.500,train,price,9,0.875
crops/price_00854.png,6.500,train,price,5,0.963
crops/price_00855.png,60,train,price,9,0.389
crops/price_00856.png,60,train,price,11,0.844
crops/price_00857.png,60,train,price,11,0.917
crops/price_00858.png,60,train,price,11,0.468
crops/price_00860.png,"60,00",train,price,11,0.597
crops/price_00861.png,"60,00",train,price,9,0.614
crops/price_00862.png,"60,00",train,price,6,0.647
crops/price_00863.png,"60,00",train,price,4,0.638
crops/price_00864.png,"60,00",train,price,0,0.955
crops/price_00866.png,60.00,train,price,3,0.629
crops/price_00867.png,60.00,train,price,2,0.398
crops/price_00869.png,60.00,train,price,5,0.826
crops/price_00870.png,60.000,test,price,2,0.409
crops/price_00871.png,60.000,test,price,7,0.503
crops/price_00872.png,60.000,test,price,11,0.473
crops/price_00873.png,60.000,test,price,3,0.384
crops/price_00875.png,61,train,price,5,0.496
crops/price_00876.png,61,train,price,4,0.630
crops/price_00877.png,61,train,price,12,0.903
crops/price_00878.png,61,train,price,9,0.569
crops/price_00879.png,61,train,price,3,0.793
crops/price_00880.png,62,train,price,0,0.389
crops/price_00881.png,62,train,price,10,0.802
crops/price_00882.png,62,train,price,4,0.332
crops/price_00883.png,62,train,price,2,0.606
crops/price_00884.png,62,train,price,12,0.659
crops/price_00885.png,63,train,price,8,0.467
crops/price_00887.png,63,train,price,6,0.929
crops/price_00889.png,63,train,price,3,0.872
crops/price_00890.png,64,train,price,5,0.404
crops/price_00892.png,64,train,price,1,0.807
crops/price_00893.png,64,train,price,2,0.474
crops/price_00894.png,64,train,price,11,0.359
crops/price_00895.png,65,val,price,10,0.681
crops/price_00897.png,65,val,price,7,0.419
crops/price_00899.png,65,val,price,1,0.490
crops/price_00900.png,"65,00",train,price,12,0.759
crops/price_00901.png,"65,00",train,price,2,0.363
crops/price_00902.png,"65,00",train,price,2,0.861
crops/price_00903.png,"65,00",train,price,1,0.707
crops/price_00904.png,"65,00",train,price,8,0.632
crops/price_00905.png,65.00,train,price,8,0.980
crops/price_00908.png,65.00,train,price,11,0.964
crops/price_00909.png,65.00,train,price,9,0.826
crops/price_00912.png,65.000,train,price,6,0.415
crops/price_00913.png,65.000,train,price,3,0.498
crops/price_00914.png,65.000,train,price,3,0.488
crops/price_00915.png,66,val,price,5,0.826
crops/price_00916.png,66,val,price,6,0.928
crops/price_00918.png,66,val,price,12,0.803
crops/price_00919.png,66,val,price,4,0.552
crops/price_00921.png,67,test,price,7,0.366
crops/price_00922.png,67,test,price,7,0.985
crops/price_00923.png,67,test,price,6,0.900
crops/price_00924.png,67,test,price,7,0.484
crops/price_00925.png,68,train,price,2,0.897
crops/price_00928.png,68,train,price,10,0.449
crops/price_00929.png,68,train,price,0,0.448
crops/price_00930.png,69,train,price,11,0.616
crops/price_00931.png,69,train,price,3,0.544
crops/price_00932.png,69,train,price,0,0.693
crops/price_00933.png,69,train,price,0,0.405
crops/price_00934.png,69,train,price,7,0.960
crops/price_00935.png,7,train,price,12,0.416
crops/price_00940.png,"7,00",train,price,3,0.844
crops/price_00941.png,"7,00",train,price,0,0.958
crops/price_00942.png,"7,00",train,price,0,0.930
crops/price_00943.png,"7,00",train,price,2,0.971
crops/price_00945.png,"7,50",train,price,8,0.383
crops/price_00946.png,"7,50",train,price,0,0.606
crops/price_00947.png,"7,50",train,price,7,0.744
crops/price_00948.png,"7,50",train,price,12,0.482
crops/price_00949.png,"7,50",train,price,1,0.399
crops/price_00950.png,7.00,train,price,1,0.641
crops/price_00951.png,7.00,train,price,2,0.762
crops/price_00952.png,7.00,train,price,2,0.665
crops/price_00953.png,7.00,train,price,3,0.321
crops/price_00954.png,7.00,train,price,10,0.506
crops/price_00955.png,7.000,train,price,6,0.372
crops/price_00956.png,7.000,train,price,5,0.736
crops/price_00957.png,7.000,train,price,4,0.711
crops/price_00958.png,7.000,train,price,12,0.430
crops/price_00959.png,7.000,train,price,3,0.626
crops/price_00960.png,7.50,train,price,9,0.925
crops/price_00961.png,7.50,train,price,1,0.387
crops/price_00964.png,7.50,train,price,10,0.977
crops/price_00966.png,7.500,train,price,12,0.330
crops/price_00968.png,7.500,train,price,8,0.468
crops/price_00969.png,7.500,train,price,5,0.691
crops/price_00970.png,70,train,price,7,0.873
crops/price_00971.png,70,train,price,11,0.618
crops/price_00972.png,70,train,price,3,0.846
crops/price_00973.png,70,train,price,3,0.312
crops/price_00974.png,70,train,price,6,0.448
crops/price_00975.png,"70,00",train,price,4,0.433
crops/price_00976.png,"70,00",train,price,1,0.337
crops/price_00977.png,"70,00",train,price,6,0.371
crops/price_00978.png,"70,00",train,price,11,0.302
crops/price_00979.png,"70,00",train,price,2,0.431
crops/price_00980.png,70.00,train,price,10,0.832
crops/price_00982.png,70.00,train,price,4,0.764
crops/price_00983.png,70.00,train,price,1,0.489
crops/price_00984.png,70.00,train,price,9,0.819
crops/price_00985.png,70.000,train,price,7,0.991
crops/price_00986.png,70.000,train,price,4,0.433
crops/price_00989.png,70.000,train,price,5,0.762
crops/price_00990.png,71,train,price,1,0.799
crops/price_00992.png,71,train,price,12,0.705
crops/price_00995.png,72,train,price,12,0.470
crops/price_00996.png,72,train,price,7,0.865
crops/price_00998.png,72,train,price,11,0.977
crops/price_01003.png,73,train,price,7,0.592
crops/price_01004.png,73,train,price,0,0.936
crops/price_01007.png,74,test,price,9,0.796
crops/price_01008.png,74,test,price,1,0.331
crops/price_01015.png,"75,00",train,price,1,0.383
crops/price_01016.png,"75,00",train,price,1,0.911
crops/price_01017.png,"75,00",train,price,8,0.788
crops/price_01019.png,"75,00",train,price,5,0.987
crops/price_01021.png,75.00,test,price,12,0.847
crops/price_01024.png,75.00,test,price,0,0.354
crops/price_01025.png,75.000,train,price,7,0.760
crops/price_01026.png,75.000,train,price,7,0.799
crops/price_01027.png,75.000,train,price,1,0.338
crops/price_01028.png,75.000,train,price,4,0.819
crops/price_01030.png,76,train,price,7,0.313
crops/price_01032.png,76,train,price,12,0.319
crops/price_01033.png,76,train,price,6,0.967
crops/price_01034.png,76,train,price,2,0.972
crops/price_01040.png,78,test,price,10,0.891
crops/price_01042.png,78,test,price,6,0.928
crops/price_01046.png,79,val,price,9,0.505
crops/price_01047.png,79,val,price,11,0.970
crops/price_01049.png,79,val,price,5,0.520
crops/price_01050.png,8,train,price,0,0.417
crops/price_01052.png,8,train,price,11,0.505
crops/price_01053.png,8,train,price,6,0.742
crops/price_01054.png,8,train,price,1,0.407
crops/price_01055.png,"8,00",train,price,12,0.368
crops/price_01057.png,"8,00",train,price,1,0.543
crops/price_01058.png,"8,00",train,price,3,0.767
crops/price_01059.png,"8,00",train,price,8,0.859
crops/price_01060.png,"8,50",train,price,2,0.882
crops/price_01061.png,"8,50",train,price,11,0.768
crops/price_01064.png,"8,50",train,price,4,0.392
crops/price_01065.png,8.00,train,price,11,0.425
crops/price_01066.png,8.00,train,price,4,0.888
crops/price_01068.png,8.00,train,price,11,0.579
crops/price_01069.png,8.00,train,price,3,0.923
crops/price_01071.png,8.000,train,price,9,0.728
crops/price_01077.png,8.50,val,price,4,0.492
crops/price_01083.png,8.500,train,price,1,0.598
crops/price_01084.png,8.500,train,price,0,0.920
crops/price_01085.png,80,test,price,4,0.804
crops/price_01086.png,80,test,price,12,0.730
crops/price_01088.png,80,test,price,11,0.366
crops/price_01090.png,"80,00",train,price,8,0.679
crops/price_01092.png,"80,00",train,price,3,0.364
crops/price_01093.png,"80,00",train,price,6,0.765
crops/price_01094.png,"80,00",train,price,5,0.671
crops/price_01095.png,80.00,train,price,7,0.643
crops/price_01096.png,80.00,train,price,11,0.597
crops/price_01097.png,80.00,train,price,7,0.553
crops/price_01098.png,80.00,train,price,10,0.492
crops/price_01099.png,80.00,train,price,9,0.743
crops/price_01100.png,80.000,train,price,11,0.815
crops/price_01102.png,80.000,train,price,8,0.310
crops/price_01103.png,80.000,train,price,2,0.610
crops/price_01106.png,81,train,price,4,0.886
crops/price_01107.png,81,train,price,4,0.398
crops/price_01113.png,82,train,price,12,0.732
crops/price_01115.png,83,train,price,9,0.320
crops/price_01118.png,83,train,price,12,0.562
crops/price_01119.png,83,train,price,11,0.470
crops/price_01122.png,84,train,price,6,0.365
crops/price_01125.png,85,train,price,11,0.744
crops/price_01127.png,85,train,price,3,0.660
crops/price_01128.png,85,train,price,4,0.598
crops/price_01130.png,"85,00",val,price,4,0.542
crops/price_01133.png,"85,00",val,price,1,0.856
crops/price_01136.png,85.00,test,price,3,0.457
crops/price_01139.png,85.00,test,price,1,0.445
crops/price_01141.png,85.000,train,price,6,0.725
crops/price_01142.png,85.000,train,price,8,0.586
crops/price_01144.png,85.000,train,price,6,0.502
crops/price_01145.png,86,val,price,6,0.432
crops/price_01146.png,86,val,price,9,0.475
crops/price_01151.png,87,train,price,11,0.844
crops/price_01152.png,87,train,price,5,0.580
crops/price_01153.png,87,train,price,11,0.418
crops/price_01158.png,88,test,price,6,0.634
crops/price_01165.png,9,train,price,12,0.744
crops/price_01166.png,9,train,price,9,0.601
crops/price_01167.png,9,train,price,4,0.828
crops/price_01168.png,9,train,price,5,0.493
crops/price_01169.png,9,train,price,7,0.414
crops/price_01170.png,"9,00",train,price,3,0.845
crops/price_01171.png,"9,00",train,price,9,0.770
crops/price_01172.png,"9,00",train,price,10,0.717
crops/price_01173.png,"9,00",train,price,11,0.548
crops/price_01174.png,"9,00",train,price,10,0.864
crops/price_01175.png,"9,50",train,price,5,0.599
crops/price_01177.png,"9,50",train,price,3,0.496
crops/price_01178.png,"9,50",train,price,7,0.394
crops/price_01179.png,"9,50",train,price,1,0.607
crops/price_01180.png,9.00,train,price,5,0.934
crops/price_01181.png,9.00,train,price,4,0.723
crops/price_01182.png,9.00,train,price,8,0.561
crops/price_01183.png,9.00,train,price,11,0.353
crops/price_01184.png,9.00,train,price,9,0.755
crops/price_01185.png,9.000,train,price,10,0.531
crops/price_01186.png,9.000,train,price,9,0.506
crops/price_01187.png,9.000,train,price,8,0.620
crops/price_01189.png,9.000,train,price,10,0.446
crops/price_01190.png,9.50,train,price,6,0.318
crops/price_01191.png,9.50,train,price,1,0.978
crops/price_01192.png,9.50,train,price,11,0.997
crops/price_01194.png,9.50,train,price,3,1.000
crops/price_01195.png,9.500,train,price,0,0.399
crops/price_01196.png,9.500,train,price,5,0.732
crops/price_01198.png,9.500,train,price,0,0.922
crops/price_01200.png,90,train,price,7,0.394
crops/price_01201.png,90,train,price,9,0.768
crops/price_01203.png,90,train,price,5,0.797
crops/price_01204.png,90,train,price,9,0.815
crops/price_01205.png,"90,00",train,price,12,0.466
crops/price_01206.png,"90,00",train,price,7,0.995
crops/price_01207.png,"90,00",train,price,5,0.865
crops/price_01208.png,"90,00",train,price,10,0.318
crops/price_01209.png,"90,00",train,price,7,0.605
crops/price_01210.png,90.00,train,price,2,0.888
crops/price_01211.png,90.00,train,price,0,0.860
crops/price_01212.png,90.00,train,price,12,0.801
crops/price_01213.png,90.00,train,price,6,0.926
crops/price_01215.png,90.000,train,price,6,0.714
crops/price_01216.png,90.000,train,price,3,0.610
crops/price_01217.png,90.000,train,price,3,0.762
crops/price_01218.png,90.000,train,price,4,0.965
crops/price_01219.png,90.000,train,price,12,0.504
crops/price_01220.png,91,train,price,11,0.974
crops/price_01221.png,91,train,price,6,0.767
crops/price_01222.png,91,train,price,1,0.998
crops/price_01223.png,91,train,price,9,0.375
crops/price_01224.png,91,train,price,6,0.803
crops/price_01225.png,92,train,price,10,0.936
crops/price_01226.png,92,train,price,5,0.873
crops/price_01227.png,92,train,price,12,0.856
crops/price_01228.png,92,train,price,1,0.534
crops/price_01229.png,92,train,price,5,0.735
crops/price_01231.png,93,train,price,9,0.787
crops/price_01232.png,93,train,price,5,0.578
crops/price_01233.png,93,train,price,5,1.000
crops/price_01237.png,94,val,price,11,0.394
crops/price_01238.png,94,val,price,11,0.633
crops/price_01239.png,94,val,price,7,0.488
crops/price_01241.png,95,train,price,11,0.718
crops/price_01242.png,95,train,price,5,0.463
crops/price_01245.png,"95,00",train,price,6,0.787
crops/price_01249.png,"95,00",train,price,9,0.424
crops/price_01250.png,95.00,train,price,12,0.958
crops/price_01253.png,95.00,train,price,12,0.891
crops/price_01256.png,95.000,train,price,8,0.882
crops/price_01259.png,95.000,train,price,7,0.445
crops/price_01260.png,96,val,price,2,0.991
crops/price_01262.png,96,val,price,6,0.564
crops/price_01263.png,96,val,price,10,0.783
crops/price_01264.png,96,val,price,10,0.801
crops/price_01267.png,97,train,price,11,0.523
crops/price_01268.png,97,train,price,6,0.566
crops/price_01269.png,97,train,price,3,0.721
crops/price_01271.png,98,train,price,12,0.697
crops/price_01272.png,98,train,price,4,0.780
crops/price_01274.png,98,train,price,11,0.315
crops/price_01276.png,99,train,price,11,0.671
crops/price_01277.png,99,train,price,12,0.854
crops/price_01280.png,"99,00",train,price,7,0.472
crops/price_01281.png,"99,00",train,price,10,0.368
crops/price_01282.png,"99,00",train,price,3,0.821
crops/price_01283.png,"99,00",train,price,4,0.512
crops/price_01284.png,"99,00",train,price,10,0.629
crops/price_01285.png,99.00,val,price,6,0.631
crops/price_01286.png,99.00,val,price,0,0.979
crops/price_01287.png,99.00,val,price,2,0.378
crops/price_01288.png,99.00,val,price,9,0.988
crops/price_01289.png,99.00,val,price,0,0.643
crops/price_01290.png,99.000,val,price,10,0.356
crops/price_01291.png,99.000,val,price,6,0.325
crops/price_01292.png,99.000,val,price,5,0.803
crops/price_01293.png,99.000,val,price,8,0.927
crops/price_01294.png,99.000,val,price,12,0.361
